{
  "prompt": "bus the table",
  "created_at": "2026-01-13T15:48:47.705475+00:00",
  "ur_ip": "192.10.0.11",
  "waypoints": [
    {
      "t_wall": 1768319334.9457026,
      "q": [
        -1.5707739035235804,
        -1.2219339174083252,
        -2.0943799018859863,
        -1.3962796491435547,
        1.570798397064209,
        1.4066696166992188e-05
      ],
      "qd": [
        0.0,
        0.0,
        -0.0,
        -0.0,
        0.0,
        -0.0
      ],
      "tcp_pose": [
        -0.1352620534527165,
        -0.34116041730339985,
        0.24483599058329822,
        -0.0016674910378459064,
        -3.136287310009291,
        0.0004209863242038146
      ],
      "gripper": 0.0
    },
    {
      "t_wall": 1768319347.5048242,
      "q": [
        -1.4045451323138636,
        -2.070165296594137,
        -2.0380120277404785,
        -0.6481684011271973,
        1.574875831604004,
        1.4066696166992188e-05
      ],
      "qd": [
        0.0,
        0.0,
        -0.0,
        -0.0,
        -1.696477802681784e-08,
        0.0
      ],
      "tcp_pose": [
        -0.04613983048497796,
        -0.5309130625060144,
        -0.04055088127014947,
        0.26511303671800013,
        -3.1262053229192808,
        -0.06798157603018315
      ],
      "gripper": 0.0
    },
    {
      "t_wall": 1768319349.8490434,
      "q": [
        -1.4043167273150843,
        -2.2050687275328578,
        -2.038875102996826,
        -0.49825866640124516,
        1.574995994567871,
        2.6226043701171875e-05
      ],
      "qd": [
        0.0,
        -0.00039854366332292557,
        1.0411647589933391e-42,
        -0.0018248561536893249,
        0.0,
        0.0
      ],
      "tcp_pose": [
        -0.04472730841828079,
        -0.5370061887372195,
        -0.09731411411805667,
        0.2665756236168739,
        -3.128371039534404,
        -0.04599275155911522
      ],
      "gripper": 0.0
    },
    {
      "t_wall": 1768319361.7848766,
      "q": [
        -1.4060114065753382,
        -1.5957476101317347,
        -1.4116230010986328,
        -1.6635805569090785,
        1.5738325119018555,
        2.1457672119140625e-06
      ],
      "qd": [
        0.0,
        -4.062112930114381e-05,
        -6.885795385760913e-29,
        0.0,
        0.0,
        0.0
      ],
      "tcp_pose": [
        -0.04878368903954928,
        -0.5247881127025443,
        0.39539346445386403,
        -0.2557154078271725,
        3.129109404513695,
        -0.06589381347913105
      ],
      "gripper": 1.0
    },
    {
      "t_wall": 1768319365.0171456,
      "q": [
        -2.0166948477374476,
        -2.0534197292723597,
        -1.0139565467834473,
        -1.663616796533102,
        1.5738325119018555,
        2.6226043701171875e-05
      ],
      "qd": [
        -1.1044906386814546e-05,
        0.0,
        -0.0,
        -0.0,
        -0.0,
        0.0
      ],
      "tcp_pose": [
        -0.4157477796235358,
        -0.5593498982798424,
        0.31737852394270405,
        0.695824290785129,
        3.0612486538358024,
        0.028376802167157853
      ],
      "gripper": 1.0
    },
    {
      "t_wall": 1768319368.7452457,
      "q": [
        -2.0354025999652308,
        -2.52333988765859,
        -1.2464642524719238,
        -0.9604267042926331,
        1.5748634338378906,
        1.4066696166992188e-05
      ],
      "qd": [
        4.253606800119769e-09,
        -2.4148570650689225e-21,
        4.280613211449236e-05,
        -0.00018313842883799225,
        0.0,
        0.0
      ],
      "tcp_pose": [
        -0.45938870805569726,
        -0.6196800798657798,
        -0.07253122349528406,
        0.7188203622645642,
        3.0541434324193064,
        0.02652121857693651
      ],
      "gripper": 1.0
    },
    {
      "t_wall": 1768319379.632427,
      "q": [
        -2.1090906302081507,
        -1.8910509548582972,
        -1.046137809753418,
        -1.7900434933104457,
        1.5696110725402832,
        -2.1282826558888246e-05
      ],
      "qd": [
        0.00011724734940798953,
        -0.00021658085461240262,
        -0.0001501403603469953,
        0.0,
        -0.0,
        0.0
      ],
      "tcp_pose": [
        -0.43084526893802266,
        -0.45817421038349404,
        0.3952325959064277,
        -0.8374568742414518,
        -3.025694029543631,
        -0.02424344417934778
      ],
      "gripper": 0.0
    },
    {
      "t_wall": 1768319383.7761338,
      "q": [
        -1.4036195913897913,
        -1.8911825619139613,
        -1.046724796295166,
        -1.790354391137594,
        1.569718837738037,
        2.6226043701171875e-05
      ],
      "qd": [
        -0.0001448449183953926,
        0.0,
        -0.0,
        -0.0,
        0.0,
        0.0
      ],
      "tcp_pose": [
        -0.030926886427827247,
        -0.6280174805714978,
        0.39483999480291143,
        0.258877423962448,
        -3.1235608913214943,
        -0.023226279991620274
      ],
      "gripper": 0.0
    },
    {
      "t_wall": 1768319387.1768546,
      "q": [
        -1.4437182585345667,
        -2.399658342401022,
        -1.0078120231628418,
        -1.3239713919213791,
        1.569718837738037,
        -9.838734762013246e-06
      ],
      "qd": [
        7.314266258617863e-05,
        0.0,
        -0.00011921639816137031,
        -0.0001327901700278744,
        0.0,
        0.0
      ],
      "tcp_pose": [
        -0.03368722901135336,
        -0.7981279116066317,
        0.09580710683677704,
        0.20024300928291022,
        -3.1280853455905073,
        -0.028438260936264722
      ],
      "gripper": 0.0
    },
    {
      "t_wall": 1768319390.0406756,
      "q": [
        -1.4437421003924769,
        -2.562099119225973,
        -1.0078959465026855,
        -1.1318411094001313,
        1.5217499732971191,
        1.3378143310546875
      ],
      "qd": [
        3.071310857194476e-05,
        -3.2969161111395806e-05,
        -0.0001535373303340748,
        -0.006912540644407272,
        1.502062583607364e-15,
        -0.0
      ],
      "tcp_pose": [
        -0.04177549474551457,
        -0.8275571767935548,
        -0.015324935207861878,
        -1.7672217311557068,
        -2.557337237635269,
        0.06835086138432432
      ],
      "gripper": 0.0
    },
    {
      "t_wall": 1768319391.857698,
      "q": [
        -1.449090305958883,
        -2.6198884449400843,
        -1.0105305910110474,
        -1.0890151125243683,
        1.582862377166748,
        1.523867130279541
      ],
      "qd": [
        -0.0067553143016994,
        -0.003642606781795621,
        -0.00018674654711503536,
        -0.00010120186198037118,
        -8.45581671455875e-05,
        -0.0
      ],
      "tcp_pose": [
        -0.03130978023920547,
        -0.8234289570376614,
        -0.05968305391477484,
        2.024026355952844,
        2.402034948603375,
        0.016053172232157603
      ],
      "gripper": 0.0
    },
    {
      "t_wall": 1768319405.9286282,
      "q": [
        -1.4902179876910608,
        -1.7436391315855921,
        -0.9924498200416565,
        -1.9239374599852503,
        1.5832700729370117,
        1.5238075256347656
      ],
      "qd": [
        5.948453690507449e-05,
        -1.2188571007522297e-13,
        -0.0013622010592371225,
        -0.0,
        -0.0,
        -0.0
      ],
      "tcp_pose": [
        -0.08722963679485034,
        -0.5552553539201558,
        0.49264744985710734,
        2.048992909890934,
        2.3232760955841374,
        -0.04818512240725956
      ],
      "gripper": 1.0
    },
    {
      "t_wall": 1768319408.4494317,
      "q": [
        -2.091505829487936,
        -1.9973684749998988,
        -0.9931798577308655,
        -1.921220441857809,
        1.5834741592407227,
        1.523855209350586
      ],
      "qd": [
        2.2626750335814214e-29,
        -2.0785393644473515e-05,
        -0.00015212432481348515,
        -0.0001972144382307306,
        -0.0,
        -0.0
      ],